Source,Description,Filename,Extension
FP,Basement Boiler Replacement - Fabricated Products Chemical Dosing Pot,Data Sheet 19 Chemical Dosing Pots,pdf
Grundfoss,Basement Boiler Replacement - Grundfos Pump TPE 100-310/2 A-F-A-BQQE-OX1,96110297_TPE_1003102_AFABQQEOX1,pdf
Spirotech,Basement Boiler Replacement - SpiroTech Expansion Vessel,Data Sheet EP0800R(S),pdf
Hoval,Basement Boiler Replacement - Hoval Fill and Replacement Water Quality,Fill Water & Quality ,pdf
Hoval,Basement Boiler Replacement - Hoval Ultra |Gas Condensing Heating Boiler 125-1150 Tech information and installation guide,ULTRAG-1,pdf
Hoval,Basement Boiler Replacement - Hoval Ultra Gas Boiler Tech Sub technical data design parameters,UltraGas1150 Tech Sub May20,pdf
Jeremias Chimney Services,Basement Boiler Replacement - Jerimaias Flue Data,Jerimias Flue O&M Literature ,pdf
Grundfoss,Basement Boiler Replacement - Grundfos PHP A-1 4.0 & 5.6 Instruction Manual Pressurisation Unit,Grundfos Multicontrol PHP A-1 D-4.0  5.6,pdf
Grundfoss,Basement Boiler Replacement - Grundfos Pump TPE 100-310/2 A-F-A-BQQE-OX1 installation and Operating Instructions,LTHW PU1 As Specified OM (002),pdf
Grundfoss,Basement Boiler Replacement - Pump Inertia Base Instructions,Inertia Base Specs,pdf
Grundfoss,Basement Boiler Replacement - Grundfos Pump TPE 100-310/2 A-F-A-BQQE-OX1,Pump - TPE 150-155-4 A-F-A-BQQE-NX3,pdf
Nu Way,Basement Boiler Replacement - Nu Way Gas Booster GB3160,Gas Booster Datasheet 2834,pdf
Nu Way,Basement Boiler Replacement - Nu Way Gas Booster GB3160 Installation Manual,Gas Booster Manual 2834,pdf
EM,Basement Boiler Replacement - Protecta Ex Mortar Fire Stopping ,EX Mortar - Technical Data Sheet,pdf
SSE,Basement Boiler Replacement - Boiler Replacement BMS upgrade Details O&M,SSE_01 SEP00593 Commerz Bank O&M,pdf
Saphire,Basement Boiler Replacement - Saphire Site Services Pressure & Temp Relief Valve Details,6000-TEC-001,pdf
Siemans,Basement Boiler Replacement - Siemans 3 Port Valve Details VVF42,VXF42,pdf
